task_location,target_empty_location,static_travel_cost_seconds
C01-024-00,E06-148-30,893.7714163372862
C01-025-00,G09-074-50,591.7824396658094
C01-027-00,G05-127-20,565.4938500690131
C01-030-00,F12-137-30,609.0608498023714
